Fund Name,P1,P2,P3,P4,P5,Topsis Score,Rank
M1,0.67,0.45,6.5,42.6,12.56,0.43544914446028893,6
M2,0.6,0.36,3.6,53.3,14.47,0.30381294286044463,8
M3,0.82,0.67,3.8,63.1,17.1,0.6268778976915844,2
M4,0.6,0.36,3.5,69.2,18.42,0.47297562634019935,5
M5,0.76,0.58,4.8,43.0,12.29,0.41766486319524837,7
M6,0.69,0.48,6.6,48.7,14.12,0.5234258387534768,4
M7,0.79,0.62,4.8,59.2,16.35,0.6513529553966347,1
M8,0.84,0.71,6.5,34.5,10.64,0.5236929945826349,3
